"address_id","address","postal_code","city_id"
1,NULL,NULL,1
2,NULL,NULL,18
3,NULL,NULL,19
4,NULL,NULL,32
5,NULL,NULL,35
6,NULL,NULL,38
7,NULL,NULL,39
8,NULL,NULL,69
9,NULL,NULL,79
10,NULL,NULL,81
11,NULL,NULL,83
12,NULL,NULL,89
13,NULL,NULL,99
14,NULL,NULL,103
15,NULL,NULL,115
16,NULL,NULL,121
17,NULL,NULL,122
18,NULL,NULL,128
19,NULL,NULL,138
20,NULL,NULL,141
21,NULL,NULL,148
22,NULL,NULL,181
23,NULL,NULL,183
24,NULL,NULL,194
25,NULL,NULL,198
26,NULL,NULL,200
27,NULL,NULL,204
28,NULL,NULL,212
29,NULL,NULL,219
30,NULL,NULL,222
31,NULL,NULL,244
32,NULL,NULL,254
33,NULL,NULL,261
34,NULL,NULL,266
35,NULL,NULL,270
36,NULL,NULL,273
37,NULL,NULL,287
38,NULL,NULL,292
39,NULL,NULL,303
40,NULL,NULL,305
41,NULL,NULL,331
42,NULL,NULL,336
43,NULL,NULL,339
44,NULL,NULL,370
45,NULL,NULL,392
46,NULL,NULL,395
47,NULL,NULL,404
48,NULL,NULL,416
49,NULL,NULL,419
50,NULL,NULL,430
51,NULL,NULL,432
52,NULL,NULL,441
53,NULL,NULL,449
54,NULL,NULL,453
55,NULL,NULL,455
56,NULL,NULL,456
57,NULL,NULL,459
58,NULL,NULL,466
59,NULL,NULL,470
60,NULL,NULL,501
61,NULL,NULL,508
62,NULL,NULL,538
63,NULL,NULL,545
64,NULL,NULL,552
65,NULL,NULL,569
66,NULL,NULL,571
67,NULL,NULL,580
68,NULL,NULL,581
69,NULL,NULL,596
70,NULL,NULL,602
71,NULL,NULL,604
72,NULL,NULL,623
73,NULL,NULL,629
74,NULL,NULL,634
75,NULL,NULL,638
76,NULL,NULL,648
77,NULL,NULL,656
78,NULL,NULL,671
79,NULL,NULL,673
80,NULL,NULL,675
81,NULL,NULL,694
82,NULL,NULL,720
83,NULL,NULL,745
84,NULL,NULL,752
85,NULL,NULL,766
86,NULL,NULL,796
87,NULL,NULL,809
88,NULL,NULL,829
89,NULL,NULL,835
90,NULL,NULL,838
91,NULL,NULL,840
92,NULL,NULL,852
93,NULL,NULL,853
94,NULL,NULL,868
95,NULL,NULL,870
96,NULL,NULL,876
97,NULL,NULL,888
98,NULL,NULL,910
99,NULL,NULL,912
100,NULL,NULL,944
101,NULL,NULL,947
102,NULL,NULL,949
103,NULL,NULL,957
104,NULL,NULL,963
105,NULL,NULL,972
106,NULL,NULL,988
107,NULL,NULL,990
108,NULL,NULL,991
109,NULL,NULL,1016
110,NULL,NULL,1039
111,NULL,NULL,1057
112,NULL,NULL,1075
113,NULL,NULL,1076
114,NULL,NULL,1088
115,NULL,NULL,1113
116,NULL,NULL,1130
117,NULL,NULL,1138
118,NULL,NULL,1144
119,NULL,NULL,1156
120,NULL,NULL,1162
121,NULL,NULL,1170
122,NULL,NULL,1173
123,NULL,NULL,1177
124,NULL,NULL,1180
125,NULL,NULL,1193
126,NULL,NULL,1209
127,NULL,NULL,1211
128,NULL,NULL,1220
129,NULL,NULL,1233
130,NULL,NULL,1247
131,NULL,NULL,1254
132,NULL,NULL,1257
133,NULL,NULL,1263
134,NULL,NULL,1291
135,NULL,NULL,1298
136,NULL,NULL,1314
137,NULL,NULL,1318
138,NULL,NULL,1321
139,NULL,NULL,1340
140,NULL,NULL,1341
141,NULL,NULL,1347
142,NULL,NULL,1350
143,NULL,NULL,1356
144,NULL,NULL,1379
145,NULL,NULL,1391
146,NULL,NULL,1393
147,NULL,NULL,1405
148,NULL,NULL,1409
149,NULL,NULL,1429
150,NULL,NULL,1430
151,NULL,NULL,1458
152,NULL,NULL,1462
153,NULL,NULL,1469
154,NULL,NULL,1470
155,NULL,NULL,1471
156,NULL,NULL,1489
157,NULL,NULL,1497
158,NULL,NULL,1505
159,NULL,NULL,1512
160,NULL,NULL,1529
161,NULL,NULL,1530
162,NULL,NULL,1552
163,NULL,NULL,1568
164,NULL,NULL,1572
165,NULL,NULL,1576
166,NULL,NULL,1581
167,NULL,NULL,1588
168,NULL,NULL,1591
169,NULL,NULL,1595
170,NULL,NULL,1598
171,NULL,NULL,1607
172,NULL,NULL,1608
173,NULL,NULL,1610
174,NULL,NULL,1622
175,NULL,NULL,1628
176,NULL,NULL,1641
177,NULL,NULL,1654
178,NULL,NULL,1655
179,NULL,NULL,1664
180,NULL,NULL,1669
181,NULL,NULL,1679
182,NULL,NULL,1680
183,NULL,NULL,1696
184,NULL,NULL,1707
185,NULL,NULL,1715
186,NULL,NULL,1726
187,NULL,NULL,1734
188,NULL,NULL,1756
189,NULL,NULL,1769
190,NULL,NULL,1780
191,NULL,NULL,1787
192,NULL,NULL,1789
193,NULL,NULL,1792
194,NULL,NULL,1805
195,NULL,NULL,1807
196,NULL,NULL,1821
197,NULL,NULL,1835
198,NULL,NULL,1856
199,NULL,NULL,1865
200,NULL,NULL,1869
201,NULL,NULL,1874
202,NULL,NULL,1897
203,NULL,NULL,1933
204,NULL,NULL,1944
205,NULL,NULL,1979
206,NULL,NULL,2003
207,NULL,NULL,2006
208,NULL,NULL,2014
209,NULL,NULL,2042
210,NULL,NULL,2045
211,NULL,NULL,2046
212,NULL,NULL,2052
213,NULL,NULL,2064
214,NULL,NULL,2065
215,NULL,NULL,2078
216,NULL,NULL,2084
217,NULL,NULL,2089
218,NULL,NULL,2094
219,NULL,NULL,2108
220,NULL,NULL,2133
221,NULL,NULL,2137
222,NULL,NULL,2157
223,NULL,NULL,2182
224,NULL,NULL,2186
225,NULL,NULL,2187
226,NULL,NULL,2191
227,NULL,NULL,2206
228,NULL,NULL,2213
229,NULL,NULL,2218
230,NULL,NULL,2249
231,NULL,NULL,2270
232,NULL,NULL,2274
233,NULL,NULL,2280
234,NULL,NULL,2319
235,NULL,NULL,2328
236,NULL,NULL,2341
237,NULL,NULL,2342
238,NULL,NULL,2356
239,NULL,NULL,2365
240,NULL,NULL,2378
241,NULL,NULL,2386
242,NULL,NULL,2398
243,NULL,NULL,2407
244,NULL,NULL,2429
245,NULL,NULL,2435
246,NULL,NULL,2458
247,NULL,NULL,2506
248,NULL,NULL,2510
249,NULL,NULL,2512
250,NULL,NULL,2530
251,NULL,NULL,2532
252,NULL,NULL,2540
253,NULL,NULL,2542
254,NULL,NULL,2548
255,NULL,NULL,2552
256,NULL,NULL,2556
257,NULL,NULL,2561
258,NULL,NULL,2574
259,NULL,NULL,2576
260,NULL,NULL,2578
261,NULL,NULL,2581
262,NULL,NULL,2582
263,NULL,NULL,2586
264,NULL,NULL,2587
265,NULL,NULL,2591
266,NULL,NULL,2603
267,NULL,NULL,2605
268,NULL,NULL,2607
269,NULL,NULL,2618
270,NULL,NULL,2641
271,NULL,NULL,2647
272,NULL,NULL,2649
273,NULL,NULL,2659
274,NULL,NULL,2660
275,NULL,NULL,2667
276,NULL,NULL,2670
277,NULL,NULL,2674
278,NULL,NULL,2702
279,NULL,NULL,2720
280,NULL,NULL,2724
281,NULL,NULL,2731
282,NULL,NULL,2761
283,NULL,NULL,2763
284,NULL,NULL,2787
285,NULL,NULL,2794
286,NULL,NULL,2805
287,NULL,NULL,2812
288,NULL,NULL,2815
289,NULL,NULL,2829
290,NULL,NULL,2845
291,NULL,NULL,2856
292,NULL,NULL,2862
293,NULL,NULL,2876
294,NULL,NULL,2888
295,NULL,NULL,2895
296,NULL,NULL,2903
297,NULL,NULL,2914
298,NULL,NULL,2920
299,NULL,NULL,2923
300,NULL,NULL,2944
301,NULL,NULL,2953
302,NULL,NULL,2957
303,NULL,NULL,3008
304,NULL,NULL,3036
305,NULL,NULL,3037
306,NULL,NULL,3038
307,NULL,NULL,3039
308,NULL,NULL,3044
309,NULL,NULL,3046
310,NULL,NULL,3047
311,NULL,NULL,3060
312,NULL,NULL,3080
313,NULL,NULL,3085
314,NULL,NULL,3092
315,NULL,NULL,3095
316,NULL,NULL,3100
317,NULL,NULL,3102
318,NULL,NULL,3108
319,NULL,NULL,3115
320,NULL,NULL,3122
321,NULL,NULL,3123
322,NULL,NULL,3148
323,NULL,NULL,3150
324,NULL,NULL,3151
325,NULL,NULL,3152
326,NULL,NULL,3168
327,NULL,NULL,3175
328,NULL,NULL,3178
329,NULL,NULL,3181
330,NULL,NULL,3187
331,NULL,NULL,3190
332,NULL,NULL,3198
333,NULL,NULL,3222
334,NULL,NULL,3231
335,NULL,NULL,3239
336,NULL,NULL,3267
337,NULL,NULL,3268
338,NULL,NULL,3283
339,NULL,NULL,3307
340,NULL,NULL,3310
341,NULL,NULL,3331
342,NULL,NULL,3332
343,NULL,NULL,3343
344,NULL,NULL,3349
345,NULL,NULL,3356
346,NULL,NULL,3373
347,NULL,NULL,3377
348,NULL,NULL,3378
349,NULL,NULL,3387
350,NULL,NULL,3393
351,NULL,NULL,3395
352,NULL,NULL,3402
353,NULL,NULL,3423
354,NULL,NULL,3425
355,NULL,NULL,3426
356,NULL,NULL,3439
357,NULL,NULL,3440
358,NULL,NULL,3441
359,NULL,NULL,3442
360,NULL,NULL,3449
361,NULL,NULL,3487
362,NULL,NULL,3488
363,NULL,NULL,3498
364,NULL,NULL,3502
365,NULL,NULL,3517
366,NULL,NULL,3539
367,NULL,NULL,3560
368,NULL,NULL,3572
369,NULL,NULL,3597
370,NULL,NULL,3621
371,NULL,NULL,3624
372,NULL,NULL,3625
373,NULL,NULL,3635
374,NULL,NULL,3646
375,NULL,NULL,3654
376,NULL,NULL,3655
377,NULL,NULL,3667
378,NULL,NULL,3672
379,NULL,NULL,3680
380,NULL,NULL,3683
381,NULL,NULL,3689
382,NULL,NULL,3696
383,NULL,NULL,3699
384,NULL,NULL,3703
385,NULL,NULL,3726
386,NULL,NULL,3728
387,NULL,NULL,3744
388,NULL,NULL,3754
389,NULL,NULL,3755
390,NULL,NULL,3759
391,NULL,NULL,3760
392,NULL,NULL,3773
393,NULL,NULL,3783
394,NULL,NULL,3789
395,NULL,NULL,3811
396,NULL,NULL,3845
397,NULL,NULL,3853
398,NULL,NULL,3868
399,NULL,NULL,3871
400,NULL,NULL,3882
401,NULL,NULL,3906
402,NULL,NULL,3907
403,NULL,NULL,3914
404,NULL,NULL,3923
405,NULL,NULL,3930
406,NULL,NULL,3931
407,NULL,NULL,3946
408,NULL,NULL,3959
409,NULL,NULL,3961
410,NULL,NULL,3994
411,NULL,NULL,4001
412,NULL,NULL,4023
413,NULL,NULL,4058
414,NULL,NULL,4085
415,NULL,NULL,4098
416,NULL,NULL,4146
417,NULL,NULL,4174
418,NULL,NULL,4193
419,NULL,NULL,4196
420,NULL,NULL,4207
421,NULL,NULL,4212
422,NULL,NULL,4219
423,NULL,NULL,4262
424,NULL,NULL,4270
425,NULL,NULL,4297
426,NULL,NULL,4301
427,NULL,NULL,4320
428,NULL,NULL,4326
429,NULL,NULL,4340
430,NULL,NULL,4353
431,NULL,NULL,4364
432,NULL,NULL,4373
433,NULL,NULL,4386
434,NULL,NULL,4387
435,NULL,NULL,4420
436,NULL,NULL,4422
437,NULL,NULL,4423
438,NULL,NULL,4430
439,NULL,NULL,4454
440,NULL,NULL,4462
441,NULL,NULL,4479
442,NULL,NULL,4482
443,NULL,NULL,4496
444,NULL,NULL,4498
445,NULL,NULL,4503
446,NULL,NULL,4505
447,NULL,NULL,4511
448,NULL,NULL,4521
449,NULL,NULL,4534
450,NULL,NULL,4542
451,NULL,NULL,4551
452,NULL,NULL,4564
453,NULL,NULL,4591
454,NULL,NULL,4596
455,NULL,NULL,4598
456,NULL,NULL,4603
457,NULL,NULL,4615
458,NULL,NULL,4627
459,NULL,NULL,4635
460,NULL,NULL,4645
461,NULL,NULL,4662
462,NULL,NULL,4671
463,NULL,NULL,4688
464,NULL,NULL,4704
465,NULL,NULL,4713
466,NULL,NULL,4720
467,NULL,NULL,4726
468,NULL,NULL,4750
469,NULL,NULL,4759
470,NULL,NULL,4767
471,NULL,NULL,4769
472,NULL,NULL,4775
473,NULL,NULL,4814
474,NULL,NULL,4833
475,NULL,NULL,4839
476,NULL,NULL,4866
477,NULL,NULL,4894
478,NULL,NULL,4895
479,NULL,NULL,4920
480,NULL,NULL,4938
481,NULL,NULL,4945
482,NULL,NULL,4946
483,NULL,NULL,4957
484,NULL,NULL,5011
485,NULL,NULL,5027
486,NULL,NULL,5032
487,NULL,NULL,5048
488,NULL,NULL,5050
489,NULL,NULL,5053
490,NULL,NULL,5071
491,NULL,NULL,5086
492,NULL,NULL,5096
493,NULL,NULL,5101
494,NULL,NULL,5105
495,NULL,NULL,5126
496,NULL,NULL,5133
497,NULL,NULL,5150
498,NULL,NULL,5152
499,NULL,NULL,5168
500,NULL,NULL,5184
501,NULL,NULL,5189
502,NULL,NULL,5193
503,NULL,NULL,5201
504,NULL,NULL,5212
505,NULL,NULL,5222
506,NULL,NULL,5227
507,NULL,NULL,5234
508,NULL,NULL,5237
509,NULL,NULL,5246
510,NULL,NULL,5253
511,NULL,NULL,5297
512,NULL,NULL,5304
513,NULL,NULL,5314
514,NULL,NULL,5315
515,NULL,NULL,5337
516,NULL,NULL,5344
517,NULL,NULL,5347
518,NULL,NULL,5358
519,NULL,NULL,5360
520,NULL,NULL,5372
521,NULL,NULL,5373
522,NULL,NULL,5374
523,NULL,NULL,5376
524,NULL,NULL,5383
525,NULL,NULL,5399
526,NULL,NULL,5404
527,NULL,NULL,5431
528,NULL,NULL,5436
529,NULL,NULL,5439
530,NULL,NULL,5446
531,NULL,NULL,5448
532,NULL,NULL,5471
533,NULL,NULL,5492
534,NULL,NULL,5494
535,NULL,NULL,5495
536,NULL,NULL,5507
537,NULL,NULL,5511
538,NULL,NULL,5533
539,NULL,NULL,5535
540,NULL,NULL,5536
541,NULL,NULL,5554
542,NULL,NULL,5559
543,NULL,NULL,5570
544,NULL,NULL,5574
545,NULL,NULL,5597
546,NULL,NULL,5615
547,NULL,NULL,5616
548,NULL,NULL,5626
549,NULL,NULL,5629
550,NULL,NULL,5660
551,NULL,NULL,5686
552,NULL,NULL,5693
553,NULL,NULL,5695
554,NULL,NULL,5715
555,NULL,NULL,5744
556,NULL,NULL,5778
557,NULL,NULL,5779
558,NULL,NULL,5782
559,NULL,NULL,5790
560,NULL,NULL,5805
561,NULL,NULL,5811
562,NULL,NULL,5812
563,NULL,NULL,5819
564,NULL,NULL,5821
565,NULL,NULL,5823
566,NULL,NULL,5847
567,NULL,NULL,5848
568,NULL,NULL,5858
569,NULL,NULL,5874
570,NULL,NULL,5875
571,NULL,NULL,5880
572,NULL,NULL,5916
573,NULL,NULL,5926
574,NULL,NULL,5970
575,NULL,NULL,5972
576,NULL,NULL,5974
577,NULL,NULL,5990
578,NULL,NULL,5991
579,NULL,NULL,5992
580,NULL,NULL,6031
581,NULL,NULL,6035
582,NULL,NULL,6039
583,NULL,NULL,6052
584,NULL,NULL,6062
585,NULL,NULL,6066
586,NULL,NULL,6072
587,NULL,NULL,6081
588,NULL,NULL,6082
589,NULL,NULL,6085
590,NULL,NULL,6106
591,NULL,NULL,6117
592,NULL,NULL,6118
593,NULL,NULL,6131
594,NULL,NULL,6137
595,NULL,NULL,6141
596,NULL,NULL,6142
597,NULL,NULL,6157
598,NULL,NULL,6165
599,NULL,NULL,6176
600,NULL,NULL,6186
601,NULL,NULL,6196
602,NULL,NULL,6219
603,NULL,NULL,6242
604,NULL,NULL,6243
605,NULL,NULL,6251
606,NULL,NULL,6252
607,NULL,NULL,6263
608,NULL,NULL,6285
609,NULL,NULL,6288
610,NULL,NULL,6289
611,NULL,NULL,6326
612,NULL,NULL,6336
613,NULL,NULL,6342
614,NULL,NULL,6363
615,NULL,NULL,6365
616,NULL,NULL,6380
617,NULL,NULL,6402
618,NULL,NULL,6405
619,NULL,NULL,6411
620,NULL,NULL,6416
621,NULL,NULL,6433
622,NULL,NULL,6438
623,NULL,NULL,6442
624,NULL,NULL,6471
625,NULL,NULL,6491
626,NULL,NULL,6501
627,NULL,NULL,6517
628,NULL,NULL,6525
629,NULL,NULL,6553
630,NULL,NULL,6554
631,NULL,NULL,6570
632,NULL,NULL,6576
633,NULL,NULL,6578
634,NULL,NULL,6583
635,NULL,NULL,6592
636,NULL,NULL,6596
637,NULL,NULL,6600
638,NULL,NULL,6655
639,NULL,NULL,6671
640,NULL,NULL,6673
641,NULL,NULL,6682
642,NULL,NULL,6714
643,NULL,NULL,6724
644,NULL,NULL,6725
645,NULL,NULL,6746
646,NULL,NULL,6762
647,NULL,NULL,6785
648,NULL,NULL,6794
649,NULL,NULL,6804
650,NULL,NULL,6805
651,NULL,NULL,6812
652,NULL,NULL,6831
653,NULL,NULL,6875
654,NULL,NULL,6886
655,NULL,NULL,6890
656,NULL,NULL,6925
657,NULL,NULL,6939
658,NULL,NULL,6954
659,NULL,NULL,6962
660,NULL,NULL,6981
661,NULL,NULL,6984
662,NULL,NULL,6998
663,NULL,NULL,7032
664,NULL,NULL,7033
665,NULL,NULL,7034
666,NULL,NULL,7038
667,NULL,NULL,7044
668,NULL,NULL,7060
669,NULL,NULL,7066
670,NULL,NULL,7084
671,NULL,NULL,7086
672,NULL,NULL,7097
673,NULL,NULL,7118
674,NULL,NULL,7123
675,NULL,NULL,7136
676,NULL,NULL,7138
677,NULL,NULL,7143
678,NULL,NULL,7147
679,NULL,NULL,7166
680,NULL,NULL,7178
681,NULL,NULL,7180
682,NULL,NULL,7187
683,NULL,NULL,7191
684,NULL,NULL,7200
685,NULL,NULL,7209
686,NULL,NULL,7213
687,NULL,NULL,7220
688,NULL,NULL,7240
689,NULL,NULL,7247
690,NULL,NULL,7271
691,NULL,NULL,7282
692,NULL,NULL,7287
693,NULL,NULL,7298
694,NULL,NULL,7313
695,NULL,NULL,7316
696,NULL,NULL,7320
697,NULL,NULL,7343
698,NULL,NULL,7353
699,NULL,NULL,7356
700,NULL,NULL,7372
701,NULL,NULL,7393
702,NULL,NULL,7397
703,NULL,NULL,7398
704,NULL,NULL,7403
705,NULL,NULL,7415
706,NULL,NULL,7425
707,NULL,NULL,7426
708,NULL,NULL,7427
709,NULL,NULL,7435
710,NULL,NULL,7438
711,NULL,NULL,7439
712,NULL,NULL,7441
713,NULL,NULL,7444
714,NULL,NULL,7446
715,NULL,NULL,7450
716,NULL,NULL,7456
717,NULL,NULL,7460
718,NULL,NULL,7464
719,NULL,NULL,7473
720,NULL,NULL,7482
721,NULL,NULL,7483
722,NULL,NULL,7491
723,NULL,NULL,7497
724,NULL,NULL,7510
725,NULL,NULL,7524
726,NULL,NULL,7530
727,NULL,NULL,7555
728,NULL,NULL,7561
729,NULL,NULL,7567
730,NULL,NULL,7585
731,NULL,NULL,7590
732,NULL,NULL,7594
733,NULL,NULL,7607
734,NULL,NULL,7623
735,NULL,NULL,7651
736,NULL,NULL,7667
737,NULL,NULL,7668
738,NULL,NULL,7671
739,NULL,NULL,7701
740,NULL,NULL,7736
741,NULL,NULL,7742
742,NULL,NULL,7748
743,NULL,NULL,7761
744,NULL,NULL,7765
745,NULL,NULL,7766
746,NULL,NULL,7773
747,NULL,NULL,7774
748,NULL,NULL,7778
749,NULL,NULL,7780
750,NULL,NULL,7782
751,NULL,NULL,7799
752,NULL,NULL,7800
753,NULL,NULL,7815
754,NULL,NULL,7827
755,NULL,NULL,7831
756,NULL,NULL,7844
757,NULL,NULL,7847
758,NULL,NULL,7871
759,NULL,NULL,7873
760,NULL,NULL,7874
761,NULL,NULL,7883
762,NULL,NULL,7892
763,NULL,NULL,7893
764,NULL,NULL,7894
765,NULL,NULL,7895
766,NULL,NULL,7914
767,NULL,NULL,7916
768,NULL,NULL,7920
769,NULL,NULL,7921
770,NULL,NULL,7924
771,NULL,NULL,7934
772,NULL,NULL,7942
773,NULL,NULL,7956
774,NULL,NULL,7970
775,NULL,NULL,7976
776,NULL,NULL,7977
777,NULL,NULL,7994
778,NULL,NULL,7995
779,NULL,NULL,8003
780,NULL,NULL,8015
781,NULL,NULL,8019
782,NULL,NULL,8028
783,NULL,NULL,8055
784,NULL,NULL,8061
785,NULL,NULL,8063
786,NULL,NULL,8072
787,NULL,NULL,8095
788,NULL,NULL,8098
789,NULL,NULL,8099
790,NULL,NULL,8100
791,NULL,NULL,8109
792,NULL,NULL,8110
793,NULL,NULL,8121
794,NULL,NULL,8147
795,NULL,NULL,8177
796,NULL,NULL,8182
797,NULL,NULL,8188
798,NULL,NULL,8194
799,NULL,NULL,8213
800,NULL,NULL,8218
801,NULL,NULL,8220
802,NULL,NULL,8240
803,NULL,NULL,8250
804,NULL,NULL,8251
805,NULL,NULL,8260
806,NULL,NULL,8288
807,NULL,NULL,8291
808,NULL,NULL,8304
809,NULL,NULL,8311
810,NULL,NULL,8317
811,NULL,NULL,8330
812,NULL,NULL,8344
813,NULL,NULL,8346
814,NULL,NULL,8365
815,NULL,NULL,8371
816,NULL,NULL,8376
817,NULL,NULL,8380
818,NULL,NULL,8385
819,NULL,NULL,8387
820,NULL,NULL,8405
821,NULL,NULL,8406
822,NULL,NULL,8408
823,NULL,NULL,8424
824,NULL,NULL,8427
825,NULL,NULL,8434
826,NULL,NULL,8458
827,NULL,NULL,8464
828,NULL,NULL,8471
829,NULL,NULL,8473
830,NULL,NULL,8486
831,NULL,NULL,8492
832,NULL,NULL,8493
833,NULL,NULL,8504
834,NULL,NULL,8507
835,NULL,NULL,8525
836,NULL,NULL,8537
837,NULL,NULL,8551
838,NULL,NULL,8578
839,NULL,NULL,8580
840,NULL,NULL,8617
841,NULL,NULL,8619
842,NULL,NULL,8622
843,NULL,NULL,8655
844,NULL,NULL,8665
845,NULL,NULL,8673
846,NULL,NULL,8680
847,NULL,NULL,8688
848,NULL,NULL,8711
849,NULL,NULL,8723
850,NULL,NULL,8725
851,NULL,NULL,8731
852,NULL,NULL,8737
853,NULL,NULL,8747
854,NULL,NULL,8756
855,NULL,NULL,8772
856,NULL,NULL,8779
857,NULL,NULL,8780
858,NULL,NULL,8781
859,NULL,NULL,8790
860,NULL,NULL,8792
861,NULL,NULL,8806
862,NULL,NULL,8808
863,NULL,NULL,8818
864,NULL,NULL,8819
865,NULL,NULL,8834
866,NULL,NULL,8835
867,NULL,NULL,8854
868,NULL,NULL,8855
869,NULL,NULL,8876
870,NULL,NULL,8890
871,NULL,NULL,8899
872,NULL,NULL,8900
873,NULL,NULL,8901
874,NULL,NULL,8908
875,NULL,NULL,8912
876,NULL,NULL,8915
877,NULL,NULL,8919
878,NULL,NULL,8974
879,NULL,NULL,9014
880,NULL,NULL,9020
881,NULL,NULL,9039
882,NULL,NULL,9044
883,NULL,NULL,9056
884,NULL,NULL,9057
885,NULL,NULL,9059
886,NULL,NULL,9063
887,NULL,NULL,9071
888,NULL,NULL,9079
889,NULL,NULL,9097
890,NULL,NULL,9102
891,NULL,NULL,9111
892,NULL,NULL,9119
893,NULL,NULL,9157
894,NULL,NULL,9173
895,NULL,NULL,9182
896,NULL,NULL,9189
897,NULL,NULL,9195
898,NULL,NULL,9198
899,NULL,NULL,9212
900,NULL,NULL,9214
901,NULL,NULL,9247
902,NULL,NULL,9249
903,NULL,NULL,9261
904,NULL,NULL,9268
905,NULL,NULL,9272
906,NULL,NULL,9283
907,NULL,NULL,9289
908,NULL,NULL,9299
909,NULL,NULL,9303
910,NULL,NULL,9318
911,NULL,NULL,9334
912,NULL,NULL,9340
913,NULL,NULL,9352
914,NULL,NULL,9373
915,NULL,NULL,9374
916,NULL,NULL,9379
917,NULL,NULL,9403
918,NULL,NULL,9422
919,NULL,NULL,9428
920,NULL,NULL,9439
921,NULL,NULL,9451
922,NULL,NULL,9477
923,NULL,NULL,9484
924,NULL,NULL,9485
925,NULL,NULL,9491
926,NULL,NULL,9502
927,NULL,NULL,9505
928,NULL,NULL,9515
929,NULL,NULL,9527
930,NULL,NULL,9530
931,NULL,NULL,9537
932,NULL,NULL,9591
933,NULL,NULL,9612
934,NULL,NULL,9616
935,NULL,NULL,9663
936,NULL,NULL,9672
937,NULL,NULL,9674
938,NULL,NULL,9677
939,NULL,NULL,9679
940,NULL,NULL,9708
941,NULL,NULL,9711
942,NULL,NULL,9719
943,NULL,NULL,9724
944,NULL,NULL,9739
945,NULL,NULL,9746
946,NULL,NULL,9757
947,NULL,NULL,9762
948,NULL,NULL,9765
949,NULL,NULL,9772
950,NULL,NULL,9782
951,NULL,NULL,9805
952,NULL,NULL,9815
953,NULL,NULL,9821
954,NULL,NULL,9846
955,NULL,NULL,9850
956,NULL,NULL,9852
957,NULL,NULL,9886
958,NULL,NULL,9904
959,NULL,NULL,9907
960,NULL,NULL,9922
961,NULL,NULL,9935
962,NULL,NULL,9951
963,NULL,NULL,9961
964,NULL,NULL,9971
965,NULL,NULL,9979
966,NULL,NULL,9990
967,NULL,NULL,9997
968,NULL,NULL,10016
969,NULL,NULL,10019
970,NULL,NULL,10021
971,NULL,NULL,10024
972,NULL,NULL,10027
973,NULL,NULL,10030
974,NULL,NULL,10034
975,NULL,NULL,10056
976,NULL,NULL,10081
977,NULL,NULL,10082
978,NULL,NULL,10087
979,NULL,NULL,10106
980,NULL,NULL,10111
981,NULL,NULL,10124
982,NULL,NULL,10131
983,NULL,NULL,10148
984,NULL,NULL,10150
985,NULL,NULL,10167
986,NULL,NULL,10190
987,NULL,NULL,10196
988,NULL,NULL,10200
989,NULL,NULL,10205
990,NULL,NULL,10207
991,NULL,NULL,10218
992,NULL,NULL,10249
993,NULL,NULL,10253
994,NULL,NULL,10267
995,NULL,NULL,10278
996,NULL,NULL,10292
997,NULL,NULL,10304
998,NULL,NULL,10308
999,NULL,NULL,10311
1000,NULL,NULL,10317
1001,NULL,NULL,10323
1002,NULL,NULL,10339
1003,NULL,NULL,10362
1004,NULL,NULL,10390
1005,NULL,NULL,10397
1006,NULL,NULL,10400
1007,NULL,NULL,10404
1008,NULL,NULL,10408
1009,NULL,NULL,10414
1010,NULL,NULL,10416
1011,NULL,NULL,10432
1012,NULL,NULL,10448
1013,NULL,NULL,10480
1014,NULL,NULL,10483
1015,NULL,NULL,10489
1016,NULL,NULL,10491
1017,NULL,NULL,10492
1018,NULL,NULL,10510
1019,NULL,NULL,10513
1020,NULL,NULL,10515
1021,NULL,NULL,10534
1022,NULL,NULL,10542
1023,NULL,NULL,10544
1024,NULL,NULL,10574
1025,NULL,NULL,10586
1026,NULL,NULL,10587
1027,NULL,NULL,10609
1028,NULL,NULL,10611
1029,NULL,NULL,10622
1030,NULL,NULL,10634
1031,NULL,NULL,10635
1032,NULL,NULL,10648
1033,NULL,NULL,10653
1034,NULL,NULL,10672
1035,NULL,NULL,10691
1036,NULL,NULL,10699
1037,NULL,NULL,10705
1038,NULL,NULL,10706
1039,NULL,NULL,10708
1040,NULL,NULL,10738
1041,NULL,NULL,10740
1042,NULL,NULL,10742
1043,NULL,NULL,10747
1044,NULL,NULL,10751
1045,NULL,NULL,10753
1046,NULL,NULL,10759
1047,NULL,NULL,10778
1048,NULL,NULL,10788
1049,NULL,NULL,10794
1050,NULL,NULL,10800
1051,NULL,NULL,10806
1052,NULL,NULL,10815
1053,NULL,NULL,10830
1054,NULL,NULL,10845
1055,NULL,NULL,10855
1056,NULL,NULL,10857
1057,NULL,NULL,10864
1058,NULL,NULL,10865
1059,NULL,NULL,10890
1060,NULL,NULL,10910
1061,NULL,NULL,10956
1062,NULL,NULL,10957
1063,NULL,NULL,10962
1064,NULL,NULL,10965
1065,NULL,NULL,10967
1066,NULL,NULL,10972
1067,NULL,NULL,10973
1068,NULL,NULL,10985
1069,NULL,NULL,10996
1070,NULL,NULL,10998
1071,NULL,NULL,11017
1072,NULL,NULL,11020
1073,NULL,NULL,11022
1074,NULL,NULL,11040
1075,NULL,NULL,11041
1076,NULL,NULL,11044
1077,NULL,NULL,11059
1078,NULL,NULL,11060
1079,NULL,NULL,11084
1080,NULL,NULL,11098
1081,NULL,NULL,11102
1082,NULL,NULL,11104
1083,NULL,NULL,11107
1084,NULL,NULL,11116
1085,NULL,NULL,11127
1086,NULL,NULL,11136
1087,NULL,NULL,11145
1088,NULL,NULL,11155
1089,NULL,NULL,11161
1090,NULL,NULL,11162
1091,NULL,NULL,11188
1092,NULL,NULL,11192
1093,NULL,NULL,11193
1094,NULL,NULL,11213
1095,NULL,NULL,11217
1096,NULL,NULL,11219
1097,NULL,NULL,11220
1098,NULL,NULL,11223
1099,NULL,NULL,11228
1100,NULL,NULL,11237
1101,NULL,NULL,11271
1102,NULL,NULL,11278
1103,NULL,NULL,11280
1104,NULL,NULL,11283
1105,NULL,NULL,11300
1106,NULL,NULL,11319
1107,NULL,NULL,11327
1108,NULL,NULL,11346
1109,NULL,NULL,11358
1110,NULL,NULL,11360
1111,NULL,NULL,11361
1112,NULL,NULL,11365
1113,NULL,NULL,11367
1114,NULL,NULL,11368
1115,NULL,NULL,11374
1116,NULL,NULL,11377
1117,NULL,NULL,11380
1118,NULL,NULL,11392
1119,NULL,NULL,11401
1120,NULL,NULL,11403
1121,NULL,NULL,11411
1122,NULL,NULL,11433
1123,NULL,NULL,11459
1124,NULL,NULL,11483
1125,NULL,NULL,11485
1126,NULL,NULL,11486
1127,NULL,NULL,11495
1128,NULL,NULL,11503
1129,NULL,NULL,11512
1130,NULL,NULL,11542
1131,NULL,NULL,11544
1132,NULL,NULL,11548
1133,NULL,NULL,11565
1134,NULL,NULL,11576
1135,NULL,NULL,11582
1136,NULL,NULL,11590
1137,NULL,NULL,11594
1138,NULL,NULL,11601
1139,NULL,NULL,11603
1140,NULL,NULL,11612
1141,NULL,NULL,11617
1142,NULL,NULL,11634
1143,NULL,NULL,11638
1144,NULL,NULL,11694
1145,NULL,NULL,11706
1146,NULL,NULL,11709
1147,NULL,NULL,11714
1148,NULL,NULL,11715
1149,NULL,NULL,11723
1150,NULL,NULL,11745
1151,NULL,NULL,11751
1152,NULL,NULL,11759
1153,NULL,NULL,11761
1154,NULL,NULL,11764
1155,NULL,NULL,11768
1156,NULL,NULL,11795
1157,NULL,NULL,11811
1158,NULL,NULL,11816
1159,NULL,NULL,11817
1160,NULL,NULL,11824
1161,NULL,NULL,11846
1162,NULL,NULL,11856
1163,NULL,NULL,11866
1164,NULL,NULL,11880
1165,NULL,NULL,11885
1166,NULL,NULL,11899
1167,NULL,NULL,11912
1168,NULL,NULL,11938
1169,NULL,NULL,11943
1170,NULL,NULL,11958
1171,NULL,NULL,11967
1172,NULL,NULL,11973
1173,NULL,NULL,11990
1174,NULL,NULL,12014
1175,NULL,NULL,12027
1176,NULL,NULL,12041
1177,NULL,NULL,12046
1178,NULL,NULL,12074
1179,NULL,NULL,12076
1180,NULL,NULL,12098
1181,NULL,NULL,12143
1182,NULL,NULL,12158
1183,NULL,NULL,12161
1184,NULL,NULL,12168
1185,NULL,NULL,12196
1186,NULL,NULL,12200
1187,NULL,NULL,12221
1188,NULL,NULL,12223
1189,NULL,NULL,12234
1190,NULL,NULL,12246
1191,NULL,NULL,12273
1192,NULL,NULL,12277
1193,NULL,NULL,12283
1194,NULL,NULL,12290
1195,NULL,NULL,12295
1196,NULL,NULL,12297
1197,NULL,NULL,12300
1198,NULL,NULL,12313
1199,NULL,NULL,12316
1200,NULL,NULL,12320
1201,NULL,NULL,12334
1202,NULL,NULL,12345
1203,NULL,NULL,12356
1204,NULL,NULL,12369
1205,NULL,NULL,12370
1206,NULL,NULL,12375
1207,NULL,NULL,12380
1208,NULL,NULL,12381
1209,NULL,NULL,12382
1210,NULL,NULL,12396
1211,NULL,NULL,12397
1212,NULL,NULL,12405
1213,NULL,NULL,12407
1214,NULL,NULL,12408
1215,NULL,NULL,12411
1216,NULL,NULL,12417
1217,NULL,NULL,12427
1218,NULL,NULL,12433
1219,NULL,NULL,12444
1220,NULL,NULL,12445
1221,NULL,NULL,12447
1222,NULL,NULL,12460
1223,NULL,NULL,12464
1224,NULL,NULL,12466
1225,NULL,NULL,12470
1226,NULL,NULL,12474
1227,NULL,NULL,12481
1228,NULL,NULL,12483
1229,NULL,NULL,12494
1230,NULL,NULL,12501
1231,NULL,NULL,12531
1232,NULL,NULL,12539
1233,NULL,NULL,12541
1234,NULL,NULL,12554
1235,NULL,NULL,12564
1236,NULL,NULL,12579
1237,NULL,NULL,12598
1238,NULL,NULL,12614
1239,NULL,NULL,12616
1240,NULL,NULL,12620
1241,NULL,NULL,12635
1242,NULL,NULL,12649
1243,NULL,NULL,12651
1244,NULL,NULL,12715
1245,NULL,NULL,12719
1246,NULL,NULL,12722
1247,NULL,NULL,12734
1248,NULL,NULL,12749
1249,NULL,NULL,12754
1250,NULL,NULL,12766
1251,NULL,NULL,12768
1252,NULL,NULL,12795
1253,NULL,NULL,12798
1254,NULL,NULL,12818
1255,NULL,NULL,12820
1256,NULL,NULL,12828
1257,NULL,NULL,12830
1258,NULL,NULL,12836
1259,NULL,NULL,12842
1260,NULL,NULL,12848
1261,NULL,NULL,12859
1262,NULL,NULL,12866
1263,NULL,NULL,12883
1264,NULL,NULL,12887
1265,NULL,NULL,12900
1266,NULL,NULL,12902
1267,NULL,NULL,12909
1268,NULL,NULL,12945
1269,NULL,NULL,12947
1270,NULL,NULL,12956
1271,NULL,NULL,12963
1272,NULL,NULL,12971
1273,NULL,NULL,12974
1274,NULL,NULL,12977
1275,NULL,NULL,12978
1276,NULL,NULL,12982
1277,NULL,NULL,13008
1278,NULL,NULL,13014
1279,NULL,NULL,13023
1280,NULL,NULL,13027
1281,NULL,NULL,13045
1282,NULL,NULL,13068
1283,NULL,NULL,13095
1284,NULL,NULL,13105
1285,NULL,NULL,13112
1286,NULL,NULL,13118
1287,NULL,NULL,13121
1288,NULL,NULL,13127
1289,NULL,NULL,13133
1290,NULL,NULL,13137
1291,NULL,NULL,13148
1292,NULL,NULL,13158
1293,NULL,NULL,13163
1294,NULL,NULL,13165
1295,NULL,NULL,13182
1296,NULL,NULL,13193
1297,NULL,NULL,13205
1298,NULL,NULL,13212
1299,NULL,NULL,13226
1300,NULL,NULL,13240
1301,NULL,NULL,13241
1302,NULL,NULL,13242
1303,NULL,NULL,13244
1304,NULL,NULL,13247
1305,NULL,NULL,13276
1306,NULL,NULL,13318
1307,NULL,NULL,13323
1308,NULL,NULL,13324
1309,NULL,NULL,13339
1310,NULL,NULL,13342
1311,NULL,NULL,13346
1312,NULL,NULL,13349
1313,NULL,NULL,13353
1314,NULL,NULL,13354
1315,NULL,NULL,13367
1316,NULL,NULL,13376
1317,NULL,NULL,13393
1318,NULL,NULL,13402
1319,NULL,NULL,13417
1320,NULL,NULL,13421
1321,NULL,NULL,13429
1322,NULL,NULL,13437
1323,NULL,NULL,13441
1324,NULL,NULL,13443
1325,NULL,NULL,13454
1326,NULL,NULL,13462
1327,NULL,NULL,13481
1328,NULL,NULL,13485
1329,NULL,NULL,13486
1330,NULL,NULL,13494
1331,NULL,NULL,13516
1332,NULL,NULL,13520
1333,NULL,NULL,13530
1334,NULL,NULL,13531
1335,NULL,NULL,13545
1336,NULL,NULL,13554
1337,NULL,NULL,13563
1338,NULL,NULL,13565
1339,NULL,NULL,13566
1340,NULL,NULL,13577
1341,NULL,NULL,13590
1342,NULL,NULL,13603
1343,NULL,NULL,13615
1344,NULL,NULL,13642
1345,NULL,NULL,13643
1346,NULL,NULL,13662
1347,NULL,NULL,13667
1348,NULL,NULL,13677
1349,NULL,NULL,13705
1350,NULL,NULL,13715
1351,NULL,NULL,13738
1352,NULL,NULL,13743
1353,NULL,NULL,13748
1354,NULL,NULL,13768
1355,NULL,NULL,13782
1356,NULL,NULL,13797
1357,NULL,NULL,13819
1358,NULL,NULL,13820
1359,NULL,NULL,13821
1360,NULL,NULL,13822
1361,NULL,NULL,13836
1362,NULL,NULL,13849
1363,NULL,NULL,13856
1364,NULL,NULL,13862
1365,NULL,NULL,13868
1366,NULL,NULL,13879
1367,NULL,NULL,13896
1368,NULL,NULL,13904
1369,NULL,NULL,13916
1370,NULL,NULL,13918
1371,NULL,NULL,13927
1372,NULL,NULL,13933
1373,NULL,NULL,13935
1374,NULL,NULL,13939
1375,NULL,NULL,13946
1376,NULL,NULL,13951
1377,NULL,NULL,13966
1378,NULL,NULL,13981
1379,NULL,NULL,14005
1380,NULL,NULL,14016
1381,NULL,NULL,14019
1382,NULL,NULL,14022
1383,NULL,NULL,14028
1384,NULL,NULL,14047
1385,NULL,NULL,14052
1386,NULL,NULL,14066
1387,NULL,NULL,14069
1388,NULL,NULL,14075
1389,NULL,NULL,14095
1390,NULL,NULL,14101
1391,NULL,NULL,14142
1392,NULL,NULL,14143
1393,NULL,NULL,14209
1394,NULL,NULL,14210
1395,NULL,NULL,14211
1396,NULL,NULL,14212
1397,NULL,NULL,14215
1398,NULL,NULL,14239
1399,NULL,NULL,14242
1400,NULL,NULL,14250
1401,NULL,NULL,14284
1402,NULL,NULL,14289
1403,NULL,NULL,14297
1404,NULL,NULL,14300
1405,NULL,NULL,14322
1406,NULL,NULL,14325
1407,NULL,NULL,14326
1408,NULL,NULL,14333
1409,NULL,NULL,14335
1410,NULL,NULL,14342
1411,NULL,NULL,14353
1412,NULL,NULL,14364
1413,NULL,NULL,14365
1414,NULL,NULL,14367
1415,NULL,NULL,14373
1416,NULL,NULL,14375
1417,NULL,NULL,14392
1418,NULL,NULL,14395
1419,NULL,NULL,14396
1420,NULL,NULL,14404
1421,NULL,NULL,14405
1422,NULL,NULL,14410
1423,NULL,NULL,14425
1424,NULL,NULL,14429
1425,NULL,NULL,14432
1426,NULL,NULL,14433
1427,NULL,NULL,14456
1428,NULL,NULL,14457
1429,NULL,NULL,14459
1430,NULL,NULL,14468
1431,NULL,NULL,14488
1432,NULL,NULL,14495
1433,NULL,NULL,14498
1434,NULL,NULL,14502
1435,NULL,NULL,14521
1436,NULL,NULL,14531
1437,NULL,NULL,14541
1438,NULL,NULL,14542
1439,NULL,NULL,14573
1440,NULL,NULL,14576
1441,NULL,NULL,14584
1442,NULL,NULL,14585
1443,NULL,NULL,14591
1444,NULL,NULL,14604
1445,NULL,NULL,14607
1446,NULL,NULL,14639
1447,NULL,NULL,14645
1448,NULL,NULL,14647
1449,NULL,NULL,14664
1450,NULL,NULL,14672
1451,NULL,NULL,14677
1452,NULL,NULL,14679
1453,NULL,NULL,14709
1454,NULL,NULL,14716
1455,NULL,NULL,14725
1456,NULL,NULL,14733
1457,NULL,NULL,14784
1458,NULL,NULL,14799
1459,NULL,NULL,14805
1460,NULL,NULL,14818
1461,NULL,NULL,14839
1462,NULL,NULL,14854
1463,NULL,NULL,14855
1464,NULL,NULL,14856
1465,NULL,NULL,14868
1466,NULL,NULL,14873
1467,NULL,NULL,14892
1468,NULL,NULL,14913
1469,NULL,NULL,14930
1470,NULL,NULL,14931
1471,NULL,NULL,14946
1472,NULL,NULL,14956
1473,NULL,NULL,14959
1474,NULL,NULL,14971
1475,NULL,NULL,14993
1476,NULL,NULL,15004
1477,NULL,NULL,15026
1478,NULL,NULL,15064
1479,NULL,NULL,15069
1480,NULL,NULL,15075
1481,NULL,NULL,15080
1482,NULL,NULL,15087
1483,NULL,NULL,15092
1484,NULL,NULL,15125
1485,NULL,NULL,15130
1486,NULL,NULL,15137
1487,NULL,NULL,15141
1488,NULL,NULL,15143
1489,NULL,NULL,15167
1490,NULL,NULL,15172
1491,NULL,NULL,15177
1492,NULL,NULL,15207
1493,NULL,NULL,15215
1494,NULL,NULL,15218
1495,NULL,NULL,15219
1496,NULL,NULL,15226
1497,NULL,NULL,15230
1498,NULL,NULL,15240
1499,NULL,NULL,15267
1500,NULL,NULL,15272
1501,NULL,NULL,15279
1502,NULL,NULL,15289
1503,NULL,NULL,15314
1504,NULL,NULL,15333
1505,NULL,NULL,15347
1506,NULL,NULL,15349
1507,NULL,NULL,15355
1508,NULL,NULL,15370
1509,NULL,NULL,15388
1510,NULL,NULL,15403
1511,NULL,NULL,15416
1512,NULL,NULL,15442
1513,NULL,NULL,15464
1514,NULL,NULL,15466
1515,NULL,NULL,15481
1516,NULL,NULL,15494
1517,NULL,NULL,15496
1518,NULL,NULL,15507
1519,NULL,NULL,15523
1520,NULL,NULL,15540
1521,NULL,NULL,15549
1522,NULL,NULL,15555
1523,NULL,NULL,15569
1524,NULL,NULL,15572
1525,NULL,NULL,15574
1526,NULL,NULL,15582
1527,NULL,NULL,15587
1528,NULL,NULL,15593
1529,NULL,NULL,15602
1530,NULL,NULL,15628
1531,NULL,NULL,15639
1532,NULL,NULL,15643
1533,NULL,NULL,15646
1534,NULL,NULL,15658
1535,NULL,NULL,15659
1536,NULL,NULL,15660
1537,NULL,NULL,15661
1538,NULL,NULL,15665
1539,NULL,NULL,15670
1540,NULL,NULL,15675
1541,NULL,NULL,15684
1542,NULL,NULL,15705
1543,NULL,NULL,15714
1544,NULL,NULL,15720
1545,NULL,NULL,15726
1546,NULL,NULL,15735
1547,NULL,NULL,15736
1548,NULL,NULL,15738
1549,NULL,NULL,15740
1550,NULL,NULL,15741
1551,NULL,NULL,15746
1552,NULL,NULL,15751
1553,NULL,NULL,15757
1554,NULL,NULL,15759
1555,NULL,NULL,15761
1556,NULL,NULL,15776
1557,NULL,NULL,15783
1558,NULL,NULL,15788
1559,NULL,NULL,15802
1560,NULL,NULL,15816
1561,NULL,NULL,15819
1562,NULL,NULL,15820
1563,NULL,NULL,15826
1564,NULL,NULL,15828
1565,NULL,NULL,15873
1566,NULL,NULL,15878
1567,NULL,NULL,15885
1568,NULL,NULL,15894
1569,NULL,NULL,15898
1570,NULL,NULL,15910
1571,NULL,NULL,15923
1572,NULL,NULL,15929
1573,NULL,NULL,15930
1574,NULL,NULL,15932
1575,NULL,NULL,15946
1576,NULL,NULL,15947
1577,NULL,NULL,15953
1578,NULL,NULL,15954
1579,NULL,NULL,15955
1580,NULL,NULL,15987
1581,NULL,NULL,15993
1582,NULL,NULL,16005
1583,NULL,NULL,16010
1584,NULL,NULL,16032
1585,NULL,NULL,16038
1586,NULL,NULL,16041
1587,NULL,NULL,16056
1588,NULL,NULL,16082
1589,NULL,NULL,16122
1590,NULL,NULL,16132
1591,NULL,NULL,16141
1592,NULL,NULL,16148
1593,NULL,NULL,16154
1594,NULL,NULL,16161
1595,NULL,NULL,16164
1596,NULL,NULL,16172
1597,NULL,NULL,16179
1598,NULL,NULL,16181
1599,NULL,NULL,16217
1600,NULL,NULL,16221
1601,NULL,NULL,16222
1602,NULL,NULL,16235
1603,NULL,NULL,16243
1604,NULL,NULL,16245
1605,NULL,NULL,16258
1606,NULL,NULL,16278
1607,NULL,NULL,16280
1608,NULL,NULL,16282
1609,NULL,NULL,16285
1610,NULL,NULL,16315
1611,NULL,NULL,16316
1612,NULL,NULL,16321
1613,NULL,NULL,16328
1614,NULL,NULL,16331
1615,NULL,NULL,16359
1616,NULL,NULL,16387
1617,NULL,NULL,16394
1618,NULL,NULL,16398
1619,NULL,NULL,16412
1620,NULL,NULL,16421
1621,NULL,NULL,16425
1622,NULL,NULL,16427
1623,NULL,NULL,16434
1624,NULL,NULL,16437
1625,NULL,NULL,16443
1626,NULL,NULL,16458
1627,NULL,NULL,16470
1628,NULL,NULL,16473
1629,NULL,NULL,16488
1630,NULL,NULL,16494
1631,NULL,NULL,16515
1632,NULL,NULL,16517
1633,NULL,NULL,16525
1634,NULL,NULL,16527
1635,NULL,NULL,16529
1636,NULL,NULL,16556
1637,NULL,NULL,16573
1638,NULL,NULL,16637
1639,NULL,NULL,16659
1640,NULL,NULL,16674
1641,NULL,NULL,16678
1642,NULL,NULL,16682
1643,NULL,NULL,16684
1644,NULL,NULL,16700
1645,NULL,NULL,16701
1646,NULL,NULL,16726
1647,NULL,NULL,16734
1648,NULL,NULL,16738
1649,NULL,NULL,16753
1650,NULL,NULL,16776
1651,NULL,NULL,16777
1652,NULL,NULL,16800
1653,NULL,NULL,16804
1654,NULL,NULL,16806
1655,NULL,NULL,16817
1656,NULL,NULL,16832
1657,NULL,NULL,16841
1658,NULL,NULL,16853
1659,NULL,NULL,16865
1660,NULL,NULL,16874
1661,NULL,NULL,16875
1662,NULL,NULL,16880
1663,NULL,NULL,16926
1664,NULL,NULL,16929
1665,NULL,NULL,16935
1666,NULL,NULL,16965
1667,NULL,NULL,16986
1668,NULL,NULL,16988
1669,NULL,NULL,16990
1670,NULL,NULL,16994
1671,NULL,NULL,17005
1672,NULL,NULL,17029
1673,NULL,NULL,17031
1674,NULL,NULL,17038
1675,NULL,NULL,17041
1676,NULL,NULL,17044
1677,NULL,NULL,17053
1678,NULL,NULL,17081
1679,NULL,NULL,17096
1680,NULL,NULL,17117
1681,NULL,NULL,17121
1682,NULL,NULL,17125
1683,NULL,NULL,17128
1684,NULL,NULL,17147
1685,NULL,NULL,17152
1686,NULL,NULL,17184
1687,NULL,NULL,17199
1688,NULL,NULL,17217
1689,NULL,NULL,17230
1690,NULL,NULL,17252
1691,NULL,NULL,17268
1692,NULL,NULL,17295
1693,NULL,NULL,17299
1694,NULL,NULL,17307
1695,NULL,NULL,17310
1696,NULL,NULL,17324
1697,NULL,NULL,17329
1698,NULL,NULL,17349
1699,NULL,NULL,17362
1700,NULL,NULL,17369
1701,NULL,NULL,17370
1702,NULL,NULL,17377
1703,NULL,NULL,17408
1704,NULL,NULL,17415
1705,NULL,NULL,17468
1706,NULL,NULL,17484
1707,NULL,NULL,17487
1708,NULL,NULL,17488
1709,NULL,NULL,17493
1710,NULL,NULL,17508
1711,NULL,NULL,17519
1712,NULL,NULL,17521
1713,NULL,NULL,17532
1714,NULL,NULL,17542
1715,NULL,NULL,17544
1716,NULL,NULL,17546
1717,NULL,NULL,17555
1718,NULL,NULL,17573
1719,NULL,NULL,17597
1720,NULL,NULL,17605
1721,NULL,NULL,17615
1722,NULL,NULL,17626
1723,NULL,NULL,17629
1724,NULL,NULL,17643
1725,NULL,NULL,17665
1726,NULL,NULL,17694
1727,NULL,NULL,17695
1728,NULL,NULL,17705
1729,NULL,NULL,17707
1730,NULL,NULL,17711
1731,NULL,NULL,17715
1732,NULL,NULL,17721
1733,NULL,NULL,17723
1734,NULL,NULL,17739
1735,NULL,NULL,17744
1736,NULL,NULL,17753
1737,NULL,NULL,17769
1738,NULL,NULL,17786
1739,NULL,NULL,17791
1740,NULL,NULL,17825
1741,NULL,NULL,17840
1742,NULL,NULL,17844
1743,NULL,NULL,17851
1744,NULL,NULL,17852
1745,NULL,NULL,17859
1746,NULL,NULL,17863
1747,NULL,NULL,17875
1748,NULL,NULL,17876
1749,NULL,NULL,17878
1750,NULL,NULL,17884
1751,NULL,NULL,17886
1752,NULL,NULL,17899
1753,NULL,NULL,17909
1754,NULL,NULL,17984
1755,NULL,NULL,17985
1756,NULL,NULL,17991
1757,NULL,NULL,18010
1758,NULL,NULL,18057
1759,NULL,NULL,18062
1760,NULL,NULL,18071
1761,NULL,NULL,18073
1762,NULL,NULL,18089
1763,NULL,NULL,18097
1764,NULL,NULL,18121
1765,NULL,NULL,18125
1766,NULL,NULL,18128
1767,NULL,NULL,18132
1768,NULL,NULL,18148
1769,NULL,NULL,18166
1770,NULL,NULL,18170
1771,NULL,NULL,18173
1772,NULL,NULL,18186
1773,NULL,NULL,18193
1774,NULL,NULL,18197
1775,NULL,NULL,18198
1776,NULL,NULL,18211
1777,NULL,NULL,18216
1778,NULL,NULL,18235
1779,NULL,NULL,18236
1780,NULL,NULL,18265
1781,NULL,NULL,18269
1782,NULL,NULL,18284
1783,NULL,NULL,18287
1784,NULL,NULL,18293
1785,NULL,NULL,18308
1786,NULL,NULL,18316
1787,NULL,NULL,18322
1788,NULL,NULL,18323
1789,NULL,NULL,18340
1790,NULL,NULL,18342
1791,NULL,NULL,18359
1792,NULL,NULL,18396
1793,NULL,NULL,18401
1794,NULL,NULL,18411
1795,NULL,NULL,18426
1796,NULL,NULL,18433
1797,NULL,NULL,18437
1798,NULL,NULL,18453
1799,NULL,NULL,18463
1800,NULL,NULL,18480
1801,NULL,NULL,18488
1802,NULL,NULL,18495
1803,NULL,NULL,18500
1804,NULL,NULL,18501
1805,NULL,NULL,18513
1806,NULL,NULL,18527
1807,NULL,NULL,18532
1808,NULL,NULL,18542
1809,NULL,NULL,18551
1810,NULL,NULL,18556
1811,NULL,NULL,18563
1812,NULL,NULL,18573
1813,NULL,NULL,18574
1814,NULL,NULL,18579
1815,NULL,NULL,18582
1816,NULL,NULL,18587
1817,NULL,NULL,18600
1818,NULL,NULL,18603
1819,NULL,NULL,18630
1820,NULL,NULL,18659
1821,NULL,NULL,18668
1822,NULL,NULL,18685
1823,NULL,NULL,18692
1824,NULL,NULL,18712
1825,NULL,NULL,18738
1826,NULL,NULL,18767
1827,NULL,NULL,18768
1828,NULL,NULL,18778
1829,NULL,NULL,18782
1830,NULL,NULL,18795
1831,NULL,NULL,18805
1832,NULL,NULL,18808
1833,NULL,NULL,18809
1834,NULL,NULL,18813
1835,NULL,NULL,18814
1836,NULL,NULL,18816
1837,NULL,NULL,18824
1838,NULL,NULL,18826
1839,NULL,NULL,18854
1840,NULL,NULL,18859
1841,NULL,NULL,18866
1842,NULL,NULL,18882
1843,NULL,NULL,18917
1844,NULL,NULL,18929
1845,NULL,NULL,18941
1846,NULL,NULL,18942
1847,NULL,NULL,18943
1848,NULL,NULL,18944
1849,NULL,NULL,18948
1850,NULL,NULL,18949
1851,NULL,NULL,18968
1852,NULL,NULL,18978
1853,NULL,NULL,18988
1854,NULL,NULL,18991
1855,NULL,NULL,18992
1856,NULL,NULL,18998
1857,NULL,NULL,19020
1858,NULL,NULL,19024
1859,NULL,NULL,19031
1860,NULL,NULL,19033
1861,NULL,NULL,19036
1862,NULL,NULL,19080
1863,NULL,NULL,19108
1864,NULL,NULL,19126
1865,NULL,NULL,19153
1866,NULL,NULL,19160
1867,NULL,NULL,19168
1868,NULL,NULL,19194
1869,NULL,NULL,19197
1870,NULL,NULL,19207
1871,NULL,NULL,19209
1872,NULL,NULL,19232
1873,NULL,NULL,19236
1874,NULL,NULL,19242
1875,NULL,NULL,19256
1876,NULL,NULL,19287
1877,NULL,NULL,19317
1878,NULL,NULL,19319
1879,NULL,NULL,19357
1880,NULL,NULL,19358
1881,NULL,NULL,19362
1882,NULL,NULL,19377
1883,NULL,NULL,19383
1884,NULL,NULL,19414
1885,NULL,NULL,19421
1886,NULL,NULL,19439
1887,NULL,NULL,19440
1888,NULL,NULL,19441
1889,NULL,NULL,19446
1890,NULL,NULL,19449
1891,NULL,NULL,19481
1892,NULL,NULL,19482
1893,NULL,NULL,19499
1894,NULL,NULL,19503
1895,NULL,NULL,19510
1896,NULL,NULL,19511
1897,NULL,NULL,19516
1898,NULL,NULL,19519
1899,NULL,NULL,19540
1900,NULL,NULL,19547
1901,NULL,NULL,19559
1902,NULL,NULL,19564
1903,NULL,NULL,19593
1904,NULL,NULL,19609
1905,NULL,NULL,19614
1906,NULL,NULL,19622
1907,NULL,NULL,19623
1908,NULL,NULL,19628
1909,NULL,NULL,19666
1910,NULL,NULL,19668
1911,NULL,NULL,19669
1912,NULL,NULL,19673
1913,NULL,NULL,19677
1914,NULL,NULL,19683
1915,NULL,NULL,19688
1916,NULL,NULL,19693
1917,NULL,NULL,19702
1918,NULL,NULL,19715
1919,NULL,NULL,19726
1920,NULL,NULL,19727
1921,NULL,NULL,19731
1922,NULL,NULL,19738
1923,NULL,NULL,19741
1924,NULL,NULL,19743
1925,NULL,NULL,19744
1926,NULL,NULL,19749
1927,NULL,NULL,19754
1928,NULL,NULL,19761
1929,NULL,NULL,19781
1930,NULL,NULL,19784
1931,NULL,NULL,19803
1932,NULL,NULL,19808
1933,NULL,NULL,19809
1934,NULL,NULL,19816
1935,NULL,NULL,19819
1936,NULL,NULL,19825
1937,NULL,NULL,19840
1938,NULL,NULL,19843
1939,NULL,NULL,19853
1940,NULL,NULL,19870
1941,NULL,NULL,19875
1942,NULL,NULL,19910
1943,NULL,NULL,19934
1944,NULL,NULL,19945
1945,NULL,NULL,19956
1946,NULL,NULL,19997
1947,NULL,NULL,20012
1948,NULL,NULL,20013
1949,NULL,NULL,20022
1950,NULL,NULL,20050
1951,NULL,NULL,20051
1952,NULL,NULL,20065
1953,NULL,NULL,20069
1954,NULL,NULL,20089
1955,NULL,NULL,20092
1956,NULL,NULL,20096
1957,NULL,NULL,20098
1958,NULL,NULL,20108
1959,NULL,NULL,20115
1960,NULL,NULL,20131
1961,NULL,NULL,20135
1962,NULL,NULL,20171
1963,NULL,NULL,20194
1964,NULL,NULL,20216
1965,NULL,NULL,20220
1966,NULL,NULL,20237
1967,NULL,NULL,20240
1968,NULL,NULL,20246
1969,NULL,NULL,20247
1970,NULL,NULL,20256
1971,NULL,NULL,20262
1972,NULL,NULL,20263
1973,NULL,NULL,20267
1974,NULL,NULL,20271
1975,NULL,NULL,20279
1976,NULL,NULL,20285
1977,NULL,NULL,20289
1978,NULL,NULL,20305
1979,NULL,NULL,20311
1980,NULL,NULL,20312
1981,NULL,NULL,20318
1982,NULL,NULL,20337
1983,NULL,NULL,20343
1984,NULL,NULL,20347
1985,NULL,NULL,20356
1986,NULL,NULL,20361
1987,NULL,NULL,20375
1988,NULL,NULL,20383
1989,NULL,NULL,20386
1990,NULL,NULL,20391
1991,NULL,NULL,20418
1992,NULL,NULL,20423
1993,NULL,NULL,20428
1994,NULL,NULL,20432
1995,NULL,NULL,20450
1996,NULL,NULL,20509
1997,NULL,NULL,20519
1998,NULL,NULL,20533
1999,NULL,NULL,20560
2000,NULL,NULL,20563
"2001",NULL,NULL,8735
"2002","Rua São Sebastião, 123","65430-000",21832
"2003",NULL,NULL,35079
